<?xml version="1.0" encoding="UTF-8"?>
<!DOCTYPE mapper PUBLIC "-//mybatis.org//DTD Mapper 3.0//EN" "http://mybatis.org/dtd/mybatis-3-mapper.dtd">
<mapper namespace="com.huateng.cnaps2.batch.dal.mapper.ext.CsTxnQueueBatchExtMapper">

    <resultMap id="BaseResultMap" type="com.huateng.cs.busi.dal.model.CsTxnQueue">
        <result column="ID" jdbcType="VARCHAR" property="id" />
        <result column="PID" jdbcType="VARCHAR" property="pid" />
        <result column="CORE_ID" jdbcType="VARCHAR" property="coreId" />
        <result column="AMOUNT" jdbcType="NUMERIC" property="amount" />
        <result column="PLACE_FLAG" jdbcType="CHAR" property="placeFlag" />
        <result column="STATUS" jdbcType="CHAR" property="status" />
        <result column="REMARK" jdbcType="VARCHAR" property="remark" />
        <result column="IN_TIME" jdbcType="CHAR" property="inTime" />
        <result column="OUT_TIME" jdbcType="CHAR" property="outTime" />
        <result column="MD_TLRNO" jdbcType="VARCHAR" property="mdTlrno" />
        <result column="MD_TIME" jdbcType="CHAR" property="mdTime" />
        <result column="AUD_TLRNO" jdbcType="VARCHAR" property="audTlrno" />
        <result column="AUD_TIME" jdbcType="CHAR" property="audTime" />
    </resultMap>
    <sql id="Base_Column_List">
        ID, PID, CORE_ID, AMOUNT, PLACE_FLAG, STATUS, REMARK, IN_TIME, OUT_TIME, MD_TLRNO,
        MD_TIME, AUD_TLRNO, AUD_TIME
    </sql>

    <select id="selectTop" resultMap="BaseResultMap">
        SELECT
        <include refid="Base_Column_List"></include>
        FROM CS_TXN_QUEUE
        WHERE
          STATUS in ('00','02')
          AND ( PLACE_FLAG='01' OR (PID is null AND PLACE_FLAG ='02') )
    </select>

    <select id="selectDequeueIng" resultMap="BaseResultMap">
        SELECT
        <include refid="Base_Column_List"></include>
        FROM CS_TXN_QUEUE
        WHERE
        STATUS = '02'
    </select>

    <update id="updateByPrimaryKey" parameterType="com.huateng.cs.busi.dal.model.CsTxnQueue">
        update CS_TXN_QUEUE
        set ID = #{id,jdbcType=VARCHAR},
        PID = #{pid,jdbcType=VARCHAR},
        CORE_ID = #{coreId,jdbcType=VARCHAR},
        AMOUNT = #{amount,jdbcType=NUMERIC},
        PLACE_FLAG = #{placeFlag,jdbcType=CHAR},
        STATUS = #{status,jdbcType=CHAR},
        REMARK = #{remark,jdbcType=VARCHAR},
        IN_TIME = #{inTime,jdbcType=CHAR},
        OUT_TIME = #{outTime,jdbcType=CHAR},
        MD_TLRNO = #{mdTlrno,jdbcType=VARCHAR},
        MD_TIME = #{mdTime,jdbcType=CHAR},
        AUD_TLRNO = #{audTlrno,jdbcType=VARCHAR},
        AUD_TIME = #{audTime,jdbcType=CHAR}
        where ID = #{id,jdbcType=VARCHAR}
    </update>

</mapper>