<?xml version="1.0" encoding="UTF-8"?>
<!DOCTYPE mapper PUBLIC "-//mybatis.org//DTD Mapper 3.0//EN" "http://mybatis.org/dtd/mybatis-3-mapper.dtd">
<mapper namespace="com.huateng.cnaps2.batch.dal.mapper.ext.ExtExceptionHandleMapper">

    <resultMap id="BaseResultMap" type="com.huateng.cpg.model.CpgExceptionInf">

        <id column="ID" jdbcType="CHAR" property="id" />
        <result column="TXN_ID" jdbcType="CHAR" property="txnId" />
        <result column="BRNO" jdbcType="VARCHAR" property="brno" />
        <result column="SYS_CODE" jdbcType="CHAR" property="sysCode" />
        <result column="PKG_NO" jdbcType="CHAR" property="pkgNo" />
        <result column="WORKDATE" jdbcType="CHAR" property="workdate" />
        <result column="CPGDATE" jdbcType="CHAR" property="cpgdate" />
        <result column="MSG_ID" jdbcType="VARCHAR" property="msgId" />
        <result column="ORG_SENDER" jdbcType="VARCHAR" property="orgSender" />
        <result column="ORG_SENDER_DATE" jdbcType="CHAR" property="orgSenderDate" />
        <result column="DRCT" jdbcType="CHAR" property="drct" />
        <result column="AMOUNT" jdbcType="DECIMAL" property="amount" />
        <result column="SND_TIME" jdbcType="CHAR" property="sndTime" />
        <result column="RCV_TIME" jdbcType="CHAR" property="rcvTime" />
        <result column="EXCEPTION_TYPE" jdbcType="CHAR" property="exceptionType" />
        <result column="STATUS" jdbcType="CHAR" property="status" />
        <result column="OP_TYPE" jdbcType="CHAR" property="opType" />
        <result column="PROC_CODE" jdbcType="CHAR" property="procCode" />
        <result column="REJECT_INFO" jdbcType="VARCHAR" property="rejectInfo" />
        <result column="MD_TIME" jdbcType="CHAR" property="mdTime" />
        <result column="MD_TLRNO" jdbcType="VARCHAR" property="mdTlrno" />
        <result column="AUD_TIME" jdbcType="CHAR" property="audTime" />
        <result column="AUD_TLRNO" jdbcType="VARCHAR" property="audTlrno" />
        <result column="AUD_REMARKS" jdbcType="VARCHAR" property="audRemarks" />
        <result column="RSV1" jdbcType="VARCHAR" property="rsv1" />
        <result column="RSV2" jdbcType="VARCHAR" property="rsv2" />
        <result column="RSV3" jdbcType="VARCHAR" property="rsv3" />
        <result column="RSV4" jdbcType="VARCHAR" property="rsv4" />
        <result column="RSV5" jdbcType="VARCHAR" property="rsv5" />
        <result column="RSV6" jdbcType="VARCHAR" property="rsv6" />
        <result column="RSV7" jdbcType="VARCHAR" property="rsv7" />
        <result column="RSV8" jdbcType="VARCHAR" property="rsv8" />
        <result column="RSV9" jdbcType="VARCHAR" property="rsv9" />
        <result column="RSV10" jdbcType="VARCHAR" property="rsv10" />
    </resultMap>
    <sql id="Base_Column_List">
        <!--
          WARNING - @mbg.generated
          This element is automatically generated by MyBatis Generator, do not modify.
        -->
        ID, TXN_ID, BRNO, SYS_CODE, PKG_NO, WORKDATE, CPGDATE, MSG_ID, ORG_SENDER, ORG_SENDER_DATE,
        DRCT, AMOUNT, SND_TIME, RCV_TIME, EXCEPTION_TYPE, STATUS, OP_TYPE, PROC_CODE, REJECT_INFO,
        MD_TIME, MD_TLRNO, AUD_TIME, AUD_TLRNO, AUD_REMARKS, RSV1, RSV2, RSV3, RSV4, RSV5,
        RSV6, RSV7, RSV8, RSV9, RSV10
    </sql>
    <select id="queryHvpsExcp" resultType="com.huateng.cnaps2.batch.dal.model.ext.ExtHvpsExcpTxn">
        SELECT
        A.ID,
        C.ORG_SENDER_SID,
        A.PKG_NO,
        A.WORKDATE,
        C.MSG_ID,
        A.DRCT,
        A.SND_TIME,
        A.RCV_TIME,
        A.STATUS,
        A.SIGN_RESULT,
        A.PROC_CODE as A_PROC_CODE,
        A.REJECT_INFO,
        A.AMOUNT,
        C.ORG_SENDER,
        C.ORG_SENDER_DATE,
        D.BRNO,
        D.VDATE,
        E.PROC_CODE as E_PROC_CODE
        FROM V_EXCP_HVPS_LIST A
        LEFT JOIN CP2_MBFEMSGHDR C ON A.ID = C.ID
        INNER JOIN CP2_TXN D ON A.ID = D.CORE_ID
        LEFT OUTER JOIN CP2_CCMS900 E ON A.ID=E.ORI_ID
        WHERE (
         ( (A.SIGN_RESULT = '1' OR (A.STATUS IN ('01', '22', '20', '21') and D.COM_STATUS not in('22')))
               AND A.STATUS <![CDATA[ <>  ]]> '30')
        OR (E.PROC_CODE LIKE '%%O4006' AND A.STATUS='20')
        OR (substr(A.PROC_CODE,5,4) not in ('0000','3029') AND A.STATUS='02'))
        AND A.ID not in ( select TXN_ID from CPG_EXCEPTION_INF where STATUS in ('01') and TXN_ID is not null)

    </select>



    <select id="queryBepsExcp" resultType="com.huateng.cnaps2.batch.dal.model.ext.ExtBepsExcpTxn">
        SELECT
            A.ID,
            C.ORG_SENDER_SID,
            A.PKG_NO,
            A.WORKDATE,
            C.MSG_ID,
            A.DRCT,
            A.SND_TIME,
            A.RCV_TIME,
            A.STATUS,
            A.SIGN_RSLT,
            A.PROC_CODE as A_PROC_CODE,
            A.REJECT_INFO,
            A.DTL_AMOUNT,
            C.ORG_SENDER,
            C.ORG_SENDER_DATE,
            E.PROC_CODE as E_PROC_CODE
        FROM CP2_BEPSBTMNG A
                 LEFT JOIN CP2_MBFEMSGHDR C ON A.ID = C.ID
                 LEFT OUTER JOIN CP2_CCMS900 E ON A.ID=E.ORI_ID
        WHERE ((((A.SIGN_RSLT = '1' OR A.STATUS IN ('01', '20', '21') ) AND A.STATUS <![CDATA[ <>  ]]> '30') OR (E.PROC_CODE LIKE '%%O4006' AND A.STATUS='20')
            OR (substr(A.PROC_CODE,5,4) not in ('0000','3029') AND A.STATUS='02'))
           OR (E.PROC_CODE LIKE '%%O4006' AND A.STATUS='20')
           AND (A.PKG_NO IN ('121', '122', '127', '128', '130','134')
                or (A.PKG_NO = '125' AND A.BIZ_TYPE_CODE <![CDATA[ <>  ]]> 'E101')
                or (A.PKG_NO = '133' AND A.BIZ_TYPE_CODE <![CDATA[ <>  ]]> 'E102')
                ))
           AND A.ID not in ( select TXN_ID from CPG_EXCEPTION_INF where STATUS in ('01','04','05')and TXN_ID is not null)
    </select>


    <select id="querySysParams" resultType="int">
        SELECT PARA_VALUE FROM CPG_SYSPARA
        WHERE SYS_FLG = #{sysFlg}
          AND ORG_NO = #{orgNo}
          AND PARA_CODE = #{paraCode}
            FOR UPDATE
    </select>

    <update id="updateSysParams">
        update  CPG_SYSPARA
        set PARA_VALUE=#{paraValue}
        WHERE SYS_FLG = #{sysFlg}
          AND ORG_NO = #{orgNo}
          AND PARA_CODE = #{paraCode}
    </update>

    <select id="queryCpgDateAndBrno"
            resultType="com.huateng.cnaps2.batch.dal.model.ext.ExtCpgDateOrg">
        SELECT C.VDATE, C.BRNO FROM CP2_BEPSBTMNG A
            LEFT OUTER JOIN CP2_BEPS${pkgId} B ON A.ID = B.BT_ID
            LEFT OUTER JOIN CP2_TXN C ON B.ID = C.CORE_ID
        WHERE A.ID = #{id}
    </select>

    <select id="queryFaultExcp" resultType="com.huateng.cnaps2.batch.dal.model.ext.ExtFaultTxn">
        SELECT FIELD1, FIELD2, FIELD3, FIELD4, FIELD5, FIELD6 FROM FAULT_PKGDTL A WHERE STATUS = '1'
    </select>
    <select id="queryFaultExcpByDate" resultType="com.huateng.cnaps2.batch.dal.model.ext.ExtFaultTxn">
        SELECT FIELD4, FIELD2, FIELD5, FIELD6, FIELD7, FIELD3 FROM FROM CP2_PKG_INFO
        WHERE STATUS = '0' AND to_char (sysdate, 'YYYYMMDDHH24MISS') - MADE_TIME > 60
    </select>
    <select id="ExtAllExcpTxn" resultType="com.huateng.cnaps2.batch.dal.model.ext.ExtAllExcpTxn" >
        select id,
               txn_id,
               A.sys_code,
               A.pkg_no
        from cpg_exception_inf A,
             cp2_txn B
        where a.txn_id=b.core_id
        and  exception_type &lt;&gt; '11'
        and A.status in ('00','01','02') and A.drct = '1' order by id
    </select>
    <select id="ExtAllExcpTxnOrg" resultType="com.huateng.cnaps2.batch.dal.model.ext.ExtAllExcpTxnOrg"  >
        select
               PROC_CODE,
               status
        from ${tableName}
        where id =#{id}
    </select>
    <update id="updateCpgExceptionInf">
        update  cpg_exception_inf
        set status='03'
        WHERE id = #{id}
    </update>
    <select id="queryCpgExceptionInf" resultType="Integer" parameterType="String" >
        SELECT COUNT(1) FROM cpg_exception_inf
        WHERE TXN_ID=#{txnid}
        and status not in('02')
    </select>
    <select id="selectByTxnid" parameterType="java.lang.String" resultMap="BaseResultMap">

        select
        <include refid="Base_Column_List" />
        from cpg_exception_inf
        where TXN_ID = #{txnid,jdbcType=CHAR}
        and status='00'
    </select>
</mapper>