<?xml version="1.0" encoding="UTF-8"?>
<!DOCTYPE mapper PUBLIC "-//mybatis.org//DTD Mapper 3.0//EN" "http://mybatis.org/dtd/mybatis-3-mapper.dtd">
<mapper namespace="com.huateng.cnaps2.batch.dal.mapper.ext.ExtT24SpeDateTaskMapper">
    <update id="updateStatusforCsCust">
        UPDATE CP2_TXN SET STATUS  = #{status} , NSTP_TYPE = #{nstpType} WHERE CORE_ID = #{id}
    </update>
    <update id="updateStatusforCp2Txn">
        UPDATE CS_CUST_TXN SET STATUS  = #{status} , NSTP_TYPE = #{nstpType} WHERE ID = #{id}
    </update>
    <update id="setNstpRemarks">
        UPDATE CP2_TXN SET NSTP_REMARKS = #{str} where CORE_ID = #{id}
    </update>
    <update id="putCustStatus">
        update CP2_TXN  set CUST_STATUS2 = STATUS
        <where>
            CORE_ID = #{oriId}
        </where>
    </update>


    <select id="selectCp2Txn" resultType="com.huateng.cnaps2.model.Cp2Txn">
        select * from CP2_TXN
        <where>
            VDATE = #{cpgDate}
            and STATUS = '50'
            and BRNO = #{brno}
        </where>
    </select>
    <select id="selectBankCode" resultType="java.lang.String">
        select * from CP2_CNAPSBANK
        <where>
            BANK_CODE = #{bankCode}
        </where>
    </select>
    <select id="getCnapsStBrno" resultType="java.lang.String">
        SELECT DRCT_BANK_CODE AS STBRNO
        FROM CP2_CNAPSBANK
        WHERE
            BANK_CODE = #{brno}
    </select>
    <select id="selectBrno" resultType="java.lang.String">
        select BRNO
        from CPG_BRANCH
    </select>
    <select id="selectCpgDate" resultType="java.lang.String">
        select CPG_DATE
        from CPG_BRANCH
        where BRNO = #{brno}
    </select>
    <select id="selectCsCustTxn" resultType="com.huateng.cs.busi.dal.model.CsCustTxn">
        select * from CS_CUST_TXN
        <where>
            ID = #{coreId}
        </where>
    </select>
    <select id="selectCp2Hvps111" resultType="com.huateng.cnaps2.model.Cp2Hvps111">
        select * from CP2_HVPS111
        <where>
            ID = #{coreId}
        </where>
    </select>
    <select id="selectCp2Hvps112" resultType="com.huateng.cnaps2.model.Cp2Hvps112">
        select * from CP2_HVPS112
        <where>
            ID = #{coreId}
        </where>
    </select>
    <select id="selectStatusByCoreId" resultType="java.lang.String">
        select STATUS from CP2_TXN
        <where>
            CORE_ID = #{coreId}
        </where>
    </select>
    <select id="selectCp2TxnByOriId" resultType="com.huateng.cnaps2.model.Cp2Txn">
        select * from CP2_TXN
        <where>
            CORE_ID = #{oriId}
        </where>
    </select>
</mapper>