<?xml version="1.0" encoding="UTF-8"?>
<metadata modelVersion="1.1.0">
  <groupId>com.huateng.service</groupId>
  <artifactId>service-configuration-boot-starter</artifactId>
  <version>1.2.0-SNAPSHOT</version>
  <versioning>
    <snapshot>
      <timestamp>20220408.061409</timestamp>
      <buildNumber>5</buildNumber>
    </snapshot>
    <lastUpdated>20220408061409</lastUpdated>
    <snapshotVersions>
      <snapshotVersion>
        <extension>jar</extension>
        <value>1.2.0-20220408.061409-5</value>
        <updated>20220408061409</updated>
      </snapshotVersion>
      <snapshotVersion>
        <extension>pom</extension>
        <value>1.2.0-20220408.061409-5</value>
        <updated>20220408061409</updated>
      </snapshotVersion>
    </snapshotVersions>
  </versioning>
</metadata>
