<?xml version="1.0" encoding="UTF-8"?>
<metadata modelVersion="1.1.0">
  <groupId>com.csg.apac.cn.lib.cpg.com.huateng.framework</groupId>
  <artifactId>framework-parent</artifactId>
  <version>1.2.0-SNAPSHOT</version>
  <versioning>
    <snapshot>
      <timestamp>20220602.061806</timestamp>
      <buildNumber>1</buildNumber>
    </snapshot>
    <lastUpdated>20220602061806</lastUpdated>
    <snapshotVersions>
      <snapshotVersion>
        <extension>pom</extension>
        <value>1.2.0-20220602.061806-1</value>
        <updated>20220602061806</updated>
      </snapshotVersion>
    </snapshotVersions>
  </versioning>
</metadata>
