<?xml version="1.0" encoding="UTF-8"?>
<!DOCTYPE generatorConfiguration
  PUBLIC "-//mybatis.org//DTD MyBatis Generator Configuration 1.0//EN"
  "http://mybatis.org/dtd/mybatis-generator-config_1_0.dtd">

<generatorConfiguration>

    <properties resource="jdbc.properties"/>
    <context id="OracleTables" targetRuntime="MyBatis3">
        <plugin type="org.mybatis.generator.plugins.LockPlugin"/>
        <commentGenerator>
            <property name="suppressDate" value="true"/>
        </commentGenerator>

        <jdbcConnection driverClass="oracle.jdbc.OracleDriver"
                        connectionURL="jdbc:oracle:thin:@139.196.166.161:1521:xe" userId="CNAPS"
                        password="CNAPS" />

        <!-- POJO类生成配置 -->
        <javaModelGenerator targetPackage="com.huateng.cnaps2.batch.dal.model" targetProject="src/main/java">
            <property name="trimStrings" value="true" />
        </javaModelGenerator>
		
		<!-- SqlMap文件生成配置 -->
        <sqlMapGenerator targetPackage="mapper" targetProject="src/main/resources">
        </sqlMapGenerator>
		
		<!-- Dao生成配置 -->
        <javaClientGenerator type="XMLMAPPER" targetPackage="com.huateng.cnaps2.batch.dal.mapper" targetProject="src/main/java">
        </javaClientGenerator>

        <!-- 数据库表 -->
        <table tableName="CP2_SCHEDULE_TASK" >
            <property name="ignoreQualifiersAtRuntime" value="true"/>
        </table>
        <table tableName="CP2_SCHEDULE_TASK_LOGS" >
            <property name="ignoreQualifiersAtRuntime" value="true"/>
        </table>
    </context>

</generatorConfiguration>
