<?xml version="1.0" encoding="UTF-8"?>
<!DOCTYPE mapper PUBLIC "-//mybatis.org//DTD Mapper 3.0//EN" "http://mybatis.org/dtd/mybatis-3-mapper.dtd">
<mapper namespace="com.huateng.cnaps2.batch.dal.mapper.ext.ExtCp2TxnCsvMapper">

    <select id="selectByPkgNo" resultType="com.huateng.cnaps2.batch.dal.model.ext.Cp2TxnToCsv">
        select
        CORE_ID as coreId,
        MSG_ID as msgId,
        BT_ID as btId,
        SYS_CODE as sysCode,
        BRNO as brno,
        WORKDATE as workDate,
        TXNDATE as txnDate,
        VDATE as vdate,
        DRCT as drct,
        SOURCE as source,
        PKGNO as pkgNo,
        PROC_STATUS as ProcStatus,
        SND_ST_BRNO as sndStBrno,
        RCV_ST_BRNO as RcvStBrno,
        PAYER_NAME as payerName,
        PAYER_ADDR as payerAddr,
        PAYER_ACTNO as payerActno,
        PAYER_ACC_BRNO as payerAccBrno,
        PAYER_ACC_BRNAME as payerAccBrName,
        PAYER_BRNO as payerBrno,
        PAYEE_BRNO as payeeBrno,
        PAYEE_NAME as payeeName,
        PAYEE_ADDR as payeeAddr,
        PAYEE_ACTNO as payeeActno,
        PAYEE_ACC_BRNAME as payeeAccBrName,
        PAYEE_ACC_BRNO as payeeAccBrno,
        CURCD as curcd,
        AMOUNT as amount,
        BIZ_CTGY_CODE as bizCtgyCode,
        BIZ_TYPE_CODE as bizTypeCode,
        CHK_DATE as chkDate,
        CHK_ROUND as chkRound,
        CLR_DATE as clrDate,
        ORI_ID as oriId,
        ORI_PKG_ID as oriPkgId,
        ORI_SENDER as oriSender,
        PROC_CODE as procCode,
        PROC_INFO as procInfo
        from CP2_TXN
        <where>
            PROC_STATUS ='PR04' and VDATE = #{cpgDate}
        </where>
    </select>
    <select id="selectforCpgBankCode" resultType="com.huateng.cnaps2.batch.dal.model.ext.Cp2BankCode">
        select distinct BANK_CODE,
                        ORG_FULLNAME as bankName
        from CP2_CNAPSBANK
    </select>
    <select id="getFtpaddress" resultType="java.lang.String">
        select PARA_VALUE
        from cpg_syspara
        where ORG_NO = '561290000015'
          and PARA_CODE = 'ftpadd'
    </select>
    <select id="getFtpUserName" resultType="java.lang.String">
        select PARA_VALUE
        from cpg_syspara
        where ORG_NO = '561290000015'
          and PARA_CODE = 'ftpuser'
    </select>
    <select id="getFtpUserPsd" resultType="java.lang.String">
        select PARA_VALUE
        from cpg_syspara
        where ORG_NO = '561290000015'
          and PARA_CODE = 'ftppsd'
    </select>
    <select id="getFtpUrl" resultType="java.lang.String">
        select PARA_VALUE
        from cpg_syspara
        where ORG_NO = '561290000015'
          and PARA_CODE = 'ftpurl'
    </select>
    <select id="getFtpPort" resultType="java.lang.String">
        select PARA_VALUE
        from cpg_syspara
        where ORG_NO = '561290000015'
          and PARA_CODE = 'ftpport'
    </select>
    <select id="getCsvUrl" resultType="java.lang.String">
        select PARA_VALUE
        from cpg_syspara
        where ORG_NO = '561290000015'
          and PARA_CODE = 'csvurl'
    </select>
    <select id="queryBrno" resultType="java.lang.String">
        select distinct BRNO from cpg_branch_organ
        <where>
            BANK_CODE = #{bankCode}
            and SYS_TYPE = #{sysCode}
        </where>
    </select>
    <select id="getCpgdate" resultType="java.lang.String">
        select CPG_DATE from cpg_branch
        <where>
            BRNO = #{brno}
        </where>
    </select>
    <select id="selectCountByCp2txn" parameterType="String"
            resultType="com.huateng.cnaps2.batch.dal.model.ext.CpgDateModel">
        select
            (select count(*)
             from cp2_txn
             where drct = '1'
               and status = '00' AND BRNO=#{brno} AND VDATE=#{cpgDate}) as count1,
            (select count(*)
             from cp2_txn
             where drct = '1'
               and status = '01' AND BRNO=#{brno} AND VDATE=#{cpgDate}) as count2,
            (select count(*)
             from cp2_txn
             where drct = '2'
               and pkgno in ('beps.127.001.01', 'beps.133.001.01')
               and status in ('17', '06') AND BRNO=#{brno} AND VDATE=#{cpgDate}) as count3,
            (select count(*)
             from cp2_txn
             where drct = '2'
               and status in ('00','01','17') AND BRNO=#{brno} AND VDATE=#{cpgDate}) as count4,
            (select DISTINCT
                     (SELECT COUNT(*)
                      FROM CS_TXN_QUEUE
                      WHERE STATUS in ('00','02')) +
                     (select COUNT(*)
                      FROM CS_TXN_QUEUE_BEPS
                      WHERE STATUS in ('00','02'))
             from CS_TXN_QUEUE  ) as count5,
            (select count(*)
             from cp2_txn
             where com_status = '00' AND  BRNO=#{brno} AND VDATE=#{cpgDate}) as count6,
            (select count(*)
             from cp2_txn
             where com_status = '02'and proc_status != '04' and pkgno in ('hvps.111.001.01','hvps.112.001.01','hvps.115.001.01') AND  BRNO=#{brno} AND VDATE=#{cpgDate}) as count7,
            (select count(*)
        from cp2_txn
        where com_status = '08' AND  BRNO=#{brno} AND VDATE=#{cpgDate}) as count8,
            (select count(*)
        from cp2_txn
        where proc_status = 'PR11' AND BRNO=#{brno} AND VDATE=#{cpgDate}) as count9,
            (select count(*)
        from cp2_txn
        where pkgno in ('hvps.111.001.01','hvps.112.001.01','hvps.115.001.01') and com_status = '01' AND  BRNO=#{brno} AND VDATE=#{cpgDate}) as count10,
            (select count(*)
        from cp2_txn
        where  com_status = '08' and pkgno in ('beps.121.001.01','beps.122.001.01','beps.123.001.01','beps.124.001.01','beps.131.001.01','beps.132.001.01',
            'beps.133.001.01','beps.134.001.01','beps.125.001.01','beps.127.001.01','beps.128.001.01') AND BRNO=#{brno} AND VDATE=#{cpgDate}) as count11,
            (select count(*)
        from cp2_txn
        where pkgno in ('beps.121.001.01','beps.122.001.01','beps.123.001.01','beps.124.001.01','beps.131.001.01','beps.132.001.01',
            'beps.133.001.01','beps.134.001.01','beps.125.001.01','beps.127.001.01','beps.128.001.01')
          and com_status = '01' AND BRNO=#{brno} AND VDATE=#{cpgDate}) as count12
        FROM DUAL
    </select>
    <select id="selectFlag" resultType="java.lang.String">
        select HOLIDAY_FLAG
        from CPG_HOLIDAY_CTL
        where WORK_DATE = #{cpgdate}
    </select>
    <select id="selectFirstWorkdate" resultType="java.lang.String">
        select min(WORK_DATE) from CPG_HOLIDAY_CTL
        <where>
            WORK_DATE >= #{firstDay} and
            HOLIDAY_FLAG =0
        </where>
    </select>
    <select id="selectLastDayOfMoth" resultType="java.lang.String">
        select MAX(WORK_DATE)
        from CPG_HOLIDAY_CTL
        where WORK_DATE like #{s}
    </select>
    <select id="selectPreWorkdate" resultType="java.lang.String">
        select max(WORK_DATE) from CPG_HOLIDAY_CTL
        <where>
            WORK_DATE  &lt; #{cpgdate}
            and HOLIDAY_FLAG =0
        </where>

    </select>
    <select id="selectAddforCpgBankCode" resultType="com.huateng.cnaps2.batch.dal.model.ext.Cp2BankCode">
        select distinct BANK_CODE,
                        ORG_FULLNAME as bankName
        from CP2_CNAPSBANK
     <where>
         UPD_TIME > #{preWorkdate}
     </where>
    </select>
    <select id="selecttime" resultType="String">
        select UPSTREAM_VALDATE from CS_T24_TXN_1000 where SEQ_NO = 'FT22013W74399'
    </select>
</mapper>