<?xml version="1.0" encoding="UTF-8"?>
<!DOCTYPE mapper PUBLIC "-//mybatis.org//DTD Mapper 3.0//EN" "http://mybatis.org/dtd/mybatis-3-mapper.dtd">
<mapper namespace="com.huateng.cnaps2.batch.dal.mapper.ext.ExtCp2TxnCsvMapper">

    <select id="selectByPkgNo" resultType="com.huateng.cnaps2.batch.dal.model.ext.Cp2TxnToCsv">
        select
        CORE_ID as coreId,
        MSG_ID as msgId,
        BT_ID  as btId,
        SYS_CODE  as sysCode,
        BRNO  as  brno,
        WORKDATE  as workDate,
        TXNDATE  as txnDate,
        VDATE  as vdate,
        DRCT  as drct,
        SOURCE  as source,
        PKGNO  as pkgNo,
        PROC_STATUS  as ProcStatus,
        SND_ST_BRNO  as sndStBrno,
        RCV_ST_BRNO  as RcvStBrno,
        PAYER_NAME  as payerName,
        PAYER_ADDR  as payerAddr,
        PAYER_ACTNO  as payerActno,
        PAYER_ACC_BRNO  as payerAccBrno,
        PAYER_ACC_BRNAME  as payerAccBrName,
        PAYER_BRNO  as payerBrno,
        PAYEE_BRNO  as payeeBrno,
        PAYEE_NAME  as payeeName,
        PAYEE_ADDR  as payeeAddr,
        PAYEE_ACTNO  as payeeActno,
        PAYEE_ACC_BRNAME  as payeeAccBrName,
        PAYEE_ACC_BRNO  as payeeAccBrno,
        CURCD  as curcd,
        AMOUNT  as amount,
        BIZ_CTGY_CODE  as bizCtgyCode,
        BIZ_TYPE_CODE  as bizTypeCode,
        CHK_DATE  as chkDate,
        CHK_ROUND  as chkRound,
        CLR_DATE  as clrDate,
        ORI_ID  as oriId,
        ORI_PKG_ID  as oriPkgId,
        ORI_SENDER  as oriSender,
        PROC_CODE  as procCode,
        PROC_INFO  as procInfo
        from CP2_TXN
        <where>
            PKGNO in ('hvps.111.001.01','hvps.112.001.01','beps.121.001.01')and PROC_STATUS ='PR04'
        </where>
    </select>
    <select id="selectforCpgBankCode" resultType="com.huateng.cnaps2.batch.dal.model.ext.Cp2BankCode">
        select   distinct
            BANK_CODE ,
            BANK_NAME
        from
            CP2_BANKCODE
    </select>
    <select id="getFtpaddress" resultType="java.lang.String">
        select PARA_VALUE from cpg_syspara where ORG_NO ='561290000015' and PARA_CODE='ftpadd'
    </select>
    <select id="getFtpUserName" resultType="java.lang.String">
        select PARA_VALUE from cpg_syspara where ORG_NO ='561290000015' and PARA_CODE='ftpuser'
    </select>
    <select id="getFtpUserPsd" resultType="java.lang.String">
        select PARA_VALUE from cpg_syspara where ORG_NO ='561290000015' and PARA_CODE='ftppsd'
    </select>
    <select id="getFtpUrl" resultType="java.lang.String">
        select PARA_VALUE from cpg_syspara where ORG_NO ='561290000015' and PARA_CODE='ftpurl'
    </select>
    <select id="getFtpPort" resultType="java.lang.String">
        select PARA_VALUE from cpg_syspara where ORG_NO ='561290000015' and PARA_CODE='ftpport'
    </select>
    <select id="getCsvUrl" resultType="java.lang.String">
        select PARA_VALUE from cpg_syspara where ORG_NO ='561290000015' and PARA_CODE='csvurl'
    </select>


</mapper>