<?xml version="1.0" encoding="UTF-8"?>
<!DOCTYPE mapper PUBLIC "-//mybatis.org//DTD Mapper 3.0//EN" "http://mybatis.org/dtd/mybatis-3-mapper.dtd">
<mapper namespace="com.huateng.cnaps2.batch.dal.mapper.ext.ExtExceptionHandleMapper">



    <select id="queryHvpsExcp" resultType="com.huateng.cnaps2.batch.dal.model.ext.ExtHvpsExcpTxn">
        SELECT
        A.ID,
        C.ORG_SENDER_SID,
        A.PKG_NO,
        A.WORKDATE,
        C.MSG_ID,
        A.DRCT,
        A.SND_TIME,
        A.RCV_TIME,
        A.STATUS,
        A.SIGN_RESULT,
        A.PROC_CODE as A_PROC_CODE,
        A.REJECT_INFO,
        A.AMOUNT,
        C.ORG_SENDER,
        C.ORG_SENDER_DATE,
        D.BRNO,
        D.VDATE,
        E.PROC_CODE as E_PROC_CODE
        FROM V_EXCP_HVPS_LIST A
        LEFT JOIN CP2_MBFEMSGHDR C ON A.ID = C.ID
        INNER JOIN CP2_TXN D ON A.ID = D.CORE_ID
        LEFT OUTER JOIN CP2_CCMS900 E ON A.ID=E.ORI_ID
        WHERE (
         ( (A.SIGN_RESULT = '1' OR (A.STATUS IN ('01', '22', '20', '21') and D.COM_STATUS not in('22')))
               AND A.STATUS <![CDATA[ <>  ]]> '30')
        OR (E.PROC_CODE LIKE '%%O4006' AND A.STATUS='20')
        OR (substr(A.PROC_CODE,5,4) not in ('0000','3029') AND A.STATUS='02'))
        AND A.ID not in ( select TXN_ID from CPG_EXCEPTION_INF where STATUS in ('01') and TXN_ID is not null)

    </select>



    <select id="queryBepsExcp" resultType="com.huateng.cnaps2.batch.dal.model.ext.ExtBepsExcpTxn">
        SELECT
            A.ID,
            C.ORG_SENDER_SID,
            A.PKG_NO,
            A.WORKDATE,
            C.MSG_ID,
            A.DRCT,
            A.SND_TIME,
            A.RCV_TIME,
            A.STATUS,
            A.SIGN_RSLT,
            A.PROC_CODE as A_PROC_CODE,
            A.REJECT_INFO,
            A.DTL_AMOUNT,
            C.ORG_SENDER,
            C.ORG_SENDER_DATE,
            E.PROC_CODE as E_PROC_CODE
        FROM CP2_BEPSBTMNG A
                 LEFT JOIN CP2_MBFEMSGHDR C ON A.ID = C.ID
                 LEFT OUTER JOIN CP2_CCMS900 E ON A.ID=E.ORI_ID
        WHERE ((((A.SIGN_RSLT = '1' OR A.STATUS IN ('01', '22', '20', '21') )
           AND A.STATUS <![CDATA[ <>  ]]> '30') OR (E.PROC_CODE LIKE '%%O4006' AND A.STATUS='20')
            OR (substr(A.PROC_CODE,5,4) not in ('0000','3029') AND A.STATUS='02'))
           OR (E.PROC_CODE LIKE '%%O4006' AND A.STATUS='20')
           AND (A.PKG_NO IN ('121', '122', '127', '128', '130','134')
                or (A.PKG_NO = '125' AND A.BIZ_TYPE_CODE <![CDATA[ <>  ]]> 'E101')
                or (A.PKG_NO = '133' AND A.BIZ_TYPE_CODE <![CDATA[ <>  ]]> 'E102')
                ))
           AND A.ID not in ( select TXN_ID from CPG_EXCEPTION_INF where STATUS in ('01','04','05')and TXN_ID is not null)
    </select>


    <select id="querySysParams" resultType="int">
        SELECT PARA_VALUE FROM CPG_SYSPARA
        WHERE SYS_FLG = #{sysFlg}
          AND ORG_NO = #{orgNo}
          AND PARA_CODE = #{paraCode}
            FOR UPDATE
    </select>

    <update id="updateSysParams">
        update  CPG_SYSPARA
        set PARA_VALUE=#{paraValue}
        WHERE SYS_FLG = #{sysFlg}
          AND ORG_NO = #{orgNo}
          AND PARA_CODE = #{paraCode}
    </update>

    <select id="queryCpgDateAndBrno"
            resultType="com.huateng.cnaps2.batch.dal.model.ext.ExtCpgDateOrg">
        SELECT C.VDATE, C.BRNO FROM CP2_BEPSBTMNG A
            LEFT OUTER JOIN CP2_BEPS${pkgId} B ON A.ID = B.BT_ID
            LEFT OUTER JOIN CP2_TXN C ON B.ID = C.CORE_ID
        WHERE A.ID = #{id}
    </select>

    <select id="queryFaultExcp" resultType="com.huateng.cnaps2.batch.dal.model.ext.ExtFaultTxn">
        SELECT FIELD1, FIELD2, FIELD3, FIELD4, FIELD5, FIELD6 FROM FAULT_PKGDTL A WHERE STATUS = '1'
    </select>
    <select id="queryFaultExcpByDate" resultType="com.huateng.cnaps2.batch.dal.model.ext.ExtFaultTxn">
        SELECT FIELD4, FIELD2, FIELD5, FIELD6, FIELD7, FIELD3 FROM FROM CP2_PKG_INFO
        WHERE STATUS = '0' AND to_char (sysdate, 'YYYYMMDDHH24MISS') - MADE_TIME > 60
    </select>
    <select id="ExtAllExcpTxn" resultType="com.huateng.cnaps2.batch.dal.model.ext.ExtAllExcpTxn" >
        select id,
               txn_id,
               A.sys_code,
               A.pkg_no
        from cpg_exception_inf A,
             cp2_txn B
        where a.txn_id=b.core_id
        and  exception_type &lt;&gt; '11'
        and A.status in ('00','01','02') and A.drct = '1' order by id
    </select>
    <select id="ExtAllExcpTxnOrg" resultType="com.huateng.cnaps2.batch.dal.model.ext.ExtAllExcpTxnOrg"  >
        select
               PROC_CODE,
               status
        from ${tableName}
        where id =#{id}
    </select>
    <update id="updateCpgExceptionInf">
        update  cpg_exception_inf
        set status='03'
        WHERE id = #{id}
    </update>
</mapper>