<?xml version="1.0" encoding="UTF-8"?>
<!DOCTYPE mapper PUBLIC "-//mybatis.org//DTD Mapper 3.0//EN" "http://mybatis.org/dtd/mybatis-3-mapper.dtd">
<mapper namespace="com.huateng.cnaps2.batch.dal.mapper.Cp2ScheduleTaskLogsMapper">
  <resultMap id="BaseResultMap" type="com.huateng.cnaps2.batch.dal.model.Cp2ScheduleTaskLogs">
    <!--
      WARNING - @mbg.generated
      This element is automatically generated by MyBatis Generator, do not modify.
    -->
    <id column="ID" jdbcType="VARCHAR" property="id" />
    <result column="SCHEDULE_ID" jdbcType="VARCHAR" property="scheduleId" />
    <result column="SCHEDULE_PARAM" jdbcType="VARCHAR" property="scheduleParam" />
    <result column="EXEC_DATE" jdbcType="CHAR" property="execDate" />
    <result column="EXEC_TIME" jdbcType="TIMESTAMP" property="execTime" />
    <result column="EXEC_END_TIME" jdbcType="TIMESTAMP" property="execEndTime" />
    <result column="EXEC_COUNT" jdbcType="NUMERIC" property="execCount" />
    <result column="RETRY_COUNT" jdbcType="NUMERIC" property="retryCount" />
    <result column="EXEC_STATUS" jdbcType="NUMERIC" property="execStatus" />
    <result column="EXEC_STATUS_DESC" jdbcType="VARCHAR" property="execStatusDesc" />
  </resultMap>
  <sql id="Example_Where_Clause">
    <!--
      WARNING - @mbg.generated
      This element is automatically generated by MyBatis Generator, do not modify.
    -->
    <where>
      <foreach collection="oredCriteria" item="criteria" separator="or">
        <if test="criteria.valid">
          <trim prefix="(" prefixOverrides="and" suffix=")">
            <foreach collection="criteria.criteria" item="criterion">
              <choose>
                <when test="criterion.noValue">
                  and ${criterion.condition}
                </when>
                <when test="criterion.singleValue">
                  and ${criterion.condition} #{criterion.value}
                </when>
                <when test="criterion.betweenValue">
                  and ${criterion.condition} #{criterion.value} and #{criterion.secondValue}
                </when>
                <when test="criterion.listValue">
                  and ${criterion.condition}
                  <foreach close=")" collection="criterion.value" item="listItem" open="(" separator=",">
                    #{listItem}
                  </foreach>
                </when>
              </choose>
            </foreach>
          </trim>
        </if>
      </foreach>
    </where>
  </sql>
  <sql id="Update_By_Example_Where_Clause">
    <!--
      WARNING - @mbg.generated
      This element is automatically generated by MyBatis Generator, do not modify.
    -->
    <where>
      <foreach collection="example.oredCriteria" item="criteria" separator="or">
        <if test="criteria.valid">
          <trim prefix="(" prefixOverrides="and" suffix=")">
            <foreach collection="criteria.criteria" item="criterion">
              <choose>
                <when test="criterion.noValue">
                  and ${criterion.condition}
                </when>
                <when test="criterion.singleValue">
                  and ${criterion.condition} #{criterion.value}
                </when>
                <when test="criterion.betweenValue">
                  and ${criterion.condition} #{criterion.value} and #{criterion.secondValue}
                </when>
                <when test="criterion.listValue">
                  and ${criterion.condition}
                  <foreach close=")" collection="criterion.value" item="listItem" open="(" separator=",">
                    #{listItem}
                  </foreach>
                </when>
              </choose>
            </foreach>
          </trim>
        </if>
      </foreach>
    </where>
  </sql>
  <sql id="Base_Column_List">
    <!--
      WARNING - @mbg.generated
      This element is automatically generated by MyBatis Generator, do not modify.
    -->
    ID, SCHEDULE_ID, SCHEDULE_PARAM, EXEC_DATE, EXEC_TIME, EXEC_END_TIME, EXEC_COUNT, 
    RETRY_COUNT, EXEC_STATUS, EXEC_STATUS_DESC
  </sql>
  <select id="selectByExample" parameterType="com.huateng.cnaps2.batch.dal.model.Cp2ScheduleTaskLogsExample" resultMap="BaseResultMap">
    <!--
      WARNING - @mbg.generated
      This element is automatically generated by MyBatis Generator, do not modify.
    -->
    select
    <if test="distinct">
      distinct
    </if>
    <include refid="Base_Column_List" />
    from CP2_SCHEDULE_TASK_LOGS
    <if test="_parameter != null">
      <include refid="Example_Where_Clause" />
    </if>
    <if test="orderByClause != null">
      order by ${orderByClause}
    </if>
  </select>
  <select id="selectByPrimaryKey" parameterType="java.lang.String" resultMap="BaseResultMap">
    <!--
      WARNING - @mbg.generated
      This element is automatically generated by MyBatis Generator, do not modify.
    -->
    select 
    <include refid="Base_Column_List" />
    from CP2_SCHEDULE_TASK_LOGS
    where ID = #{id,jdbcType=VARCHAR}
  </select>
  <delete id="deleteByPrimaryKey" parameterType="java.lang.String">
    <!--
      WARNING - @mbg.generated
      This element is automatically generated by MyBatis Generator, do not modify.
    -->
    delete from CP2_SCHEDULE_TASK_LOGS
    where ID = #{id,jdbcType=VARCHAR}
  </delete>
  <delete id="deleteByExample" parameterType="com.huateng.cnaps2.batch.dal.model.Cp2ScheduleTaskLogsExample">
    <!--
      WARNING - @mbg.generated
      This element is automatically generated by MyBatis Generator, do not modify.
    -->
    delete from CP2_SCHEDULE_TASK_LOGS
    <if test="_parameter != null">
      <include refid="Example_Where_Clause" />
    </if>
  </delete>
  <insert id="insert" parameterType="com.huateng.cnaps2.batch.dal.model.Cp2ScheduleTaskLogs">
    <!--
      WARNING - @mbg.generated
      This element is automatically generated by MyBatis Generator, do not modify.
    -->
    insert into CP2_SCHEDULE_TASK_LOGS (ID, SCHEDULE_ID, SCHEDULE_PARAM, 
      EXEC_DATE, EXEC_TIME, EXEC_END_TIME, 
      EXEC_COUNT, RETRY_COUNT, EXEC_STATUS, 
      EXEC_STATUS_DESC)
    values (#{id,jdbcType=VARCHAR}, #{scheduleId,jdbcType=VARCHAR}, #{scheduleParam,jdbcType=VARCHAR}, 
      #{execDate,jdbcType=CHAR}, #{execTime,jdbcType=TIMESTAMP}, #{execEndTime,jdbcType=TIMESTAMP}, 
      #{execCount,jdbcType=NUMERIC}, #{retryCount,jdbcType=NUMERIC}, #{execStatus,jdbcType=NUMERIC}, 
      #{execStatusDesc,jdbcType=VARCHAR})
  </insert>
  <insert id="insertSelective" parameterType="com.huateng.cnaps2.batch.dal.model.Cp2ScheduleTaskLogs">
    <!--
      WARNING - @mbg.generated
      This element is automatically generated by MyBatis Generator, do not modify.
    -->
    insert into CP2_SCHEDULE_TASK_LOGS
    <trim prefix="(" suffix=")" suffixOverrides=",">
      <if test="id != null">
        ID,
      </if>
      <if test="scheduleId != null">
        SCHEDULE_ID,
      </if>
      <if test="scheduleParam != null">
        SCHEDULE_PARAM,
      </if>
      <if test="execDate != null">
        EXEC_DATE,
      </if>
      <if test="execTime != null">
        EXEC_TIME,
      </if>
      <if test="execEndTime != null">
        EXEC_END_TIME,
      </if>
      <if test="execCount != null">
        EXEC_COUNT,
      </if>
      <if test="retryCount != null">
        RETRY_COUNT,
      </if>
      <if test="execStatus != null">
        EXEC_STATUS,
      </if>
      <if test="execStatusDesc != null">
        EXEC_STATUS_DESC,
      </if>
    </trim>
    <trim prefix="values (" suffix=")" suffixOverrides=",">
      <if test="id != null">
        #{id,jdbcType=VARCHAR},
      </if>
      <if test="scheduleId != null">
        #{scheduleId,jdbcType=VARCHAR},
      </if>
      <if test="scheduleParam != null">
        #{scheduleParam,jdbcType=VARCHAR},
      </if>
      <if test="execDate != null">
        #{execDate,jdbcType=CHAR},
      </if>
      <if test="execTime != null">
        #{execTime,jdbcType=TIMESTAMP},
      </if>
      <if test="execEndTime != null">
        #{execEndTime,jdbcType=TIMESTAMP},
      </if>
      <if test="execCount != null">
        #{execCount,jdbcType=NUMERIC},
      </if>
      <if test="retryCount != null">
        #{retryCount,jdbcType=NUMERIC},
      </if>
      <if test="execStatus != null">
        #{execStatus,jdbcType=NUMERIC},
      </if>
      <if test="execStatusDesc != null">
        #{execStatusDesc,jdbcType=VARCHAR},
      </if>
    </trim>
  </insert>
  <select id="countByExample" parameterType="com.huateng.cnaps2.batch.dal.model.Cp2ScheduleTaskLogsExample" resultType="java.lang.Long">
    <!--
      WARNING - @mbg.generated
      This element is automatically generated by MyBatis Generator, do not modify.
    -->
    select count(*) from CP2_SCHEDULE_TASK_LOGS
    <if test="_parameter != null">
      <include refid="Example_Where_Clause" />
    </if>
  </select>
  <update id="updateByExampleSelective" parameterType="map">
    <!--
      WARNING - @mbg.generated
      This element is automatically generated by MyBatis Generator, do not modify.
    -->
    update CP2_SCHEDULE_TASK_LOGS
    <set>
      <if test="record.id != null">
        ID = #{record.id,jdbcType=VARCHAR},
      </if>
      <if test="record.scheduleId != null">
        SCHEDULE_ID = #{record.scheduleId,jdbcType=VARCHAR},
      </if>
      <if test="record.scheduleParam != null">
        SCHEDULE_PARAM = #{record.scheduleParam,jdbcType=VARCHAR},
      </if>
      <if test="record.execDate != null">
        EXEC_DATE = #{record.execDate,jdbcType=CHAR},
      </if>
      <if test="record.execTime != null">
        EXEC_TIME = #{record.execTime,jdbcType=TIMESTAMP},
      </if>
      <if test="record.execEndTime != null">
        EXEC_END_TIME = #{record.execEndTime,jdbcType=TIMESTAMP},
      </if>
      <if test="record.execCount != null">
        EXEC_COUNT = #{record.execCount,jdbcType=NUMERIC},
      </if>
      <if test="record.retryCount != null">
        RETRY_COUNT = #{record.retryCount,jdbcType=NUMERIC},
      </if>
      <if test="record.execStatus != null">
        EXEC_STATUS = #{record.execStatus,jdbcType=NUMERIC},
      </if>
      <if test="record.execStatusDesc != null">
        EXEC_STATUS_DESC = #{record.execStatusDesc,jdbcType=VARCHAR},
      </if>
    </set>
    <if test="_parameter != null">
      <include refid="Update_By_Example_Where_Clause" />
    </if>
  </update>
  <update id="updateByExample" parameterType="map">
    <!--
      WARNING - @mbg.generated
      This element is automatically generated by MyBatis Generator, do not modify.
    -->
    update CP2_SCHEDULE_TASK_LOGS
    set ID = #{record.id,jdbcType=VARCHAR},
      SCHEDULE_ID = #{record.scheduleId,jdbcType=VARCHAR},
      SCHEDULE_PARAM = #{record.scheduleParam,jdbcType=VARCHAR},
      EXEC_DATE = #{record.execDate,jdbcType=CHAR},
      EXEC_TIME = #{record.execTime,jdbcType=TIMESTAMP},
      EXEC_END_TIME = #{record.execEndTime,jdbcType=TIMESTAMP},
      EXEC_COUNT = #{record.execCount,jdbcType=NUMERIC},
      RETRY_COUNT = #{record.retryCount,jdbcType=NUMERIC},
      EXEC_STATUS = #{record.execStatus,jdbcType=NUMERIC},
      EXEC_STATUS_DESC = #{record.execStatusDesc,jdbcType=VARCHAR}
    <if test="_parameter != null">
      <include refid="Update_By_Example_Where_Clause" />
    </if>
  </update>
  <update id="updateByPrimaryKeySelective" parameterType="com.huateng.cnaps2.batch.dal.model.Cp2ScheduleTaskLogs">
    <!--
      WARNING - @mbg.generated
      This element is automatically generated by MyBatis Generator, do not modify.
    -->
    update CP2_SCHEDULE_TASK_LOGS
    <set>
      <if test="scheduleId != null">
        SCHEDULE_ID = #{scheduleId,jdbcType=VARCHAR},
      </if>
      <if test="scheduleParam != null">
        SCHEDULE_PARAM = #{scheduleParam,jdbcType=VARCHAR},
      </if>
      <if test="execDate != null">
        EXEC_DATE = #{execDate,jdbcType=CHAR},
      </if>
      <if test="execTime != null">
        EXEC_TIME = #{execTime,jdbcType=TIMESTAMP},
      </if>
      <if test="execEndTime != null">
        EXEC_END_TIME = #{execEndTime,jdbcType=TIMESTAMP},
      </if>
      <if test="execCount != null">
        EXEC_COUNT = #{execCount,jdbcType=NUMERIC},
      </if>
      <if test="retryCount != null">
        RETRY_COUNT = #{retryCount,jdbcType=NUMERIC},
      </if>
      <if test="execStatus != null">
        EXEC_STATUS = #{execStatus,jdbcType=NUMERIC},
      </if>
      <if test="execStatusDesc != null">
        EXEC_STATUS_DESC = #{execStatusDesc,jdbcType=VARCHAR},
      </if>
    </set>
    where ID = #{id,jdbcType=VARCHAR}
  </update>
  <update id="updateByPrimaryKey" parameterType="com.huateng.cnaps2.batch.dal.model.Cp2ScheduleTaskLogs">
    <!--
      WARNING - @mbg.generated
      This element is automatically generated by MyBatis Generator, do not modify.
    -->
    update CP2_SCHEDULE_TASK_LOGS
    set SCHEDULE_ID = #{scheduleId,jdbcType=VARCHAR},
      SCHEDULE_PARAM = #{scheduleParam,jdbcType=VARCHAR},
      EXEC_DATE = #{execDate,jdbcType=CHAR},
      EXEC_TIME = #{execTime,jdbcType=TIMESTAMP},
      EXEC_END_TIME = #{execEndTime,jdbcType=TIMESTAMP},
      EXEC_COUNT = #{execCount,jdbcType=NUMERIC},
      RETRY_COUNT = #{retryCount,jdbcType=NUMERIC},
      EXEC_STATUS = #{execStatus,jdbcType=NUMERIC},
      EXEC_STATUS_DESC = #{execStatusDesc,jdbcType=VARCHAR}
    where ID = #{id,jdbcType=VARCHAR}
  </update>
</mapper>