<?xml version="1.0" encoding="UTF-8"?>
<!DOCTYPE mapper PUBLIC "-//mybatis.org//DTD Mapper 3.0//EN" "http://mybatis.org/dtd/mybatis-3-mapper.dtd">
<mapper namespace="com.huateng.cnaps2.batch.dal.mapper.Cp2ScheduleTaskMapper">
  <resultMap id="BaseResultMap" type="com.huateng.cnaps2.batch.dal.model.Cp2ScheduleTask">
    <!--
      WARNING - @mbg.generated
      This element is automatically generated by MyBatis Generator, do not modify.
    -->
    <id column="SCHEDULE_ID" jdbcType="VARCHAR" property="scheduleId" />
    <result column="SCHEDULE_NAME" jdbcType="VARCHAR" property="scheduleName" />
    <result column="SCHEDULE_BEAN" jdbcType="VARCHAR" property="scheduleBean" />
    <result column="SCHEDULE_TYPE" jdbcType="VARCHAR" property="scheduleType" />
    <result column="SCHEDULE_EXPR" jdbcType="VARCHAR" property="scheduleExpr" />
    <result column="STATUS" jdbcType="NUMERIC" property="status" />
  </resultMap>
  <sql id="Example_Where_Clause">
    <!--
      WARNING - @mbg.generated
      This element is automatically generated by MyBatis Generator, do not modify.
    -->
    <where>
      <foreach collection="oredCriteria" item="criteria" separator="or">
        <if test="criteria.valid">
          <trim prefix="(" prefixOverrides="and" suffix=")">
            <foreach collection="criteria.criteria" item="criterion">
              <choose>
                <when test="criterion.noValue">
                  and ${criterion.condition}
                </when>
                <when test="criterion.singleValue">
                  and ${criterion.condition} #{criterion.value}
                </when>
                <when test="criterion.betweenValue">
                  and ${criterion.condition} #{criterion.value} and #{criterion.secondValue}
                </when>
                <when test="criterion.listValue">
                  and ${criterion.condition}
                  <foreach close=")" collection="criterion.value" item="listItem" open="(" separator=",">
                    #{listItem}
                  </foreach>
                </when>
              </choose>
            </foreach>
          </trim>
        </if>
      </foreach>
    </where>
  </sql>
  <sql id="Update_By_Example_Where_Clause">
    <!--
      WARNING - @mbg.generated
      This element is automatically generated by MyBatis Generator, do not modify.
    -->
    <where>
      <foreach collection="example.oredCriteria" item="criteria" separator="or">
        <if test="criteria.valid">
          <trim prefix="(" prefixOverrides="and" suffix=")">
            <foreach collection="criteria.criteria" item="criterion">
              <choose>
                <when test="criterion.noValue">
                  and ${criterion.condition}
                </when>
                <when test="criterion.singleValue">
                  and ${criterion.condition} #{criterion.value}
                </when>
                <when test="criterion.betweenValue">
                  and ${criterion.condition} #{criterion.value} and #{criterion.secondValue}
                </when>
                <when test="criterion.listValue">
                  and ${criterion.condition}
                  <foreach close=")" collection="criterion.value" item="listItem" open="(" separator=",">
                    #{listItem}
                  </foreach>
                </when>
              </choose>
            </foreach>
          </trim>
        </if>
      </foreach>
    </where>
  </sql>
  <sql id="Base_Column_List">
    <!--
      WARNING - @mbg.generated
      This element is automatically generated by MyBatis Generator, do not modify.
    -->
    SCHEDULE_ID, SCHEDULE_NAME, SCHEDULE_BEAN, SCHEDULE_TYPE, SCHEDULE_EXPR, STATUS
  </sql>
  <select id="selectByExample" parameterType="com.huateng.cnaps2.batch.dal.model.Cp2ScheduleTaskExample" resultMap="BaseResultMap">
    <!--
      WARNING - @mbg.generated
      This element is automatically generated by MyBatis Generator, do not modify.
    -->
    select
    <if test="distinct">
      distinct
    </if>
    <include refid="Base_Column_List" />
    from CP2_SCHEDULE_TASK
    <if test="_parameter != null">
      <include refid="Example_Where_Clause" />
    </if>
    <if test="orderByClause != null">
      order by ${orderByClause}
    </if>
  </select>
  <select id="selectByPrimaryKey" parameterType="java.lang.String" resultMap="BaseResultMap">
    <!--
      WARNING - @mbg.generated
      This element is automatically generated by MyBatis Generator, do not modify.
    -->
    select 
    <include refid="Base_Column_List" />
    from CP2_SCHEDULE_TASK
    where SCHEDULE_ID = #{scheduleId,jdbcType=VARCHAR}
  </select>
  <delete id="deleteByPrimaryKey" parameterType="java.lang.String">
    <!--
      WARNING - @mbg.generated
      This element is automatically generated by MyBatis Generator, do not modify.
    -->
    delete from CP2_SCHEDULE_TASK
    where SCHEDULE_ID = #{scheduleId,jdbcType=VARCHAR}
  </delete>
  <delete id="deleteByExample" parameterType="com.huateng.cnaps2.batch.dal.model.Cp2ScheduleTaskExample">
    <!--
      WARNING - @mbg.generated
      This element is automatically generated by MyBatis Generator, do not modify.
    -->
    delete from CP2_SCHEDULE_TASK
    <if test="_parameter != null">
      <include refid="Example_Where_Clause" />
    </if>
  </delete>
  <insert id="insert" parameterType="com.huateng.cnaps2.batch.dal.model.Cp2ScheduleTask">
    <!--
      WARNING - @mbg.generated
      This element is automatically generated by MyBatis Generator, do not modify.
    -->
    insert into CP2_SCHEDULE_TASK (SCHEDULE_ID, SCHEDULE_NAME, SCHEDULE_BEAN, 
      SCHEDULE_TYPE, SCHEDULE_EXPR, STATUS
      )
    values (#{scheduleId,jdbcType=VARCHAR}, #{scheduleName,jdbcType=VARCHAR}, #{scheduleBean,jdbcType=VARCHAR}, 
      #{scheduleType,jdbcType=VARCHAR}, #{scheduleExpr,jdbcType=VARCHAR}, #{status,jdbcType=NUMERIC}
      )
  </insert>
  <insert id="insertSelective" parameterType="com.huateng.cnaps2.batch.dal.model.Cp2ScheduleTask">
    <!--
      WARNING - @mbg.generated
      This element is automatically generated by MyBatis Generator, do not modify.
    -->
    insert into CP2_SCHEDULE_TASK
    <trim prefix="(" suffix=")" suffixOverrides=",">
      <if test="scheduleId != null">
        SCHEDULE_ID,
      </if>
      <if test="scheduleName != null">
        SCHEDULE_NAME,
      </if>
      <if test="scheduleBean != null">
        SCHEDULE_BEAN,
      </if>
      <if test="scheduleType != null">
        SCHEDULE_TYPE,
      </if>
      <if test="scheduleExpr != null">
        SCHEDULE_EXPR,
      </if>
      <if test="status != null">
        STATUS,
      </if>
    </trim>
    <trim prefix="values (" suffix=")" suffixOverrides=",">
      <if test="scheduleId != null">
        #{scheduleId,jdbcType=VARCHAR},
      </if>
      <if test="scheduleName != null">
        #{scheduleName,jdbcType=VARCHAR},
      </if>
      <if test="scheduleBean != null">
        #{scheduleBean,jdbcType=VARCHAR},
      </if>
      <if test="scheduleType != null">
        #{scheduleType,jdbcType=VARCHAR},
      </if>
      <if test="scheduleExpr != null">
        #{scheduleExpr,jdbcType=VARCHAR},
      </if>
      <if test="status != null">
        #{status,jdbcType=NUMERIC},
      </if>
    </trim>
  </insert>
  <select id="countByExample" parameterType="com.huateng.cnaps2.batch.dal.model.Cp2ScheduleTaskExample" resultType="java.lang.Long">
    <!--
      WARNING - @mbg.generated
      This element is automatically generated by MyBatis Generator, do not modify.
    -->
    select count(*) from CP2_SCHEDULE_TASK
    <if test="_parameter != null">
      <include refid="Example_Where_Clause" />
    </if>
  </select>
  <update id="updateByExampleSelective" parameterType="map">
    <!--
      WARNING - @mbg.generated
      This element is automatically generated by MyBatis Generator, do not modify.
    -->
    update CP2_SCHEDULE_TASK
    <set>
      <if test="record.scheduleId != null">
        SCHEDULE_ID = #{record.scheduleId,jdbcType=VARCHAR},
      </if>
      <if test="record.scheduleName != null">
        SCHEDULE_NAME = #{record.scheduleName,jdbcType=VARCHAR},
      </if>
      <if test="record.scheduleBean != null">
        SCHEDULE_BEAN = #{record.scheduleBean,jdbcType=VARCHAR},
      </if>
      <if test="record.scheduleType != null">
        SCHEDULE_TYPE = #{record.scheduleType,jdbcType=VARCHAR},
      </if>
      <if test="record.scheduleExpr != null">
        SCHEDULE_EXPR = #{record.scheduleExpr,jdbcType=VARCHAR},
      </if>
      <if test="record.status != null">
        STATUS = #{record.status,jdbcType=NUMERIC},
      </if>
    </set>
    <if test="_parameter != null">
      <include refid="Update_By_Example_Where_Clause" />
    </if>
  </update>
  <update id="updateByExample" parameterType="map">
    <!--
      WARNING - @mbg.generated
      This element is automatically generated by MyBatis Generator, do not modify.
    -->
    update CP2_SCHEDULE_TASK
    set SCHEDULE_ID = #{record.scheduleId,jdbcType=VARCHAR},
      SCHEDULE_NAME = #{record.scheduleName,jdbcType=VARCHAR},
      SCHEDULE_BEAN = #{record.scheduleBean,jdbcType=VARCHAR},
      SCHEDULE_TYPE = #{record.scheduleType,jdbcType=VARCHAR},
      SCHEDULE_EXPR = #{record.scheduleExpr,jdbcType=VARCHAR},
      STATUS = #{record.status,jdbcType=NUMERIC}
    <if test="_parameter != null">
      <include refid="Update_By_Example_Where_Clause" />
    </if>
  </update>
  <update id="updateByPrimaryKeySelective" parameterType="com.huateng.cnaps2.batch.dal.model.Cp2ScheduleTask">
    <!--
      WARNING - @mbg.generated
      This element is automatically generated by MyBatis Generator, do not modify.
    -->
    update CP2_SCHEDULE_TASK
    <set>
      <if test="scheduleName != null">
        SCHEDULE_NAME = #{scheduleName,jdbcType=VARCHAR},
      </if>
      <if test="scheduleBean != null">
        SCHEDULE_BEAN = #{scheduleBean,jdbcType=VARCHAR},
      </if>
      <if test="scheduleType != null">
        SCHEDULE_TYPE = #{scheduleType,jdbcType=VARCHAR},
      </if>
      <if test="scheduleExpr != null">
        SCHEDULE_EXPR = #{scheduleExpr,jdbcType=VARCHAR},
      </if>
      <if test="status != null">
        STATUS = #{status,jdbcType=NUMERIC},
      </if>
    </set>
    where SCHEDULE_ID = #{scheduleId,jdbcType=VARCHAR}
  </update>
  <update id="updateByPrimaryKey" parameterType="com.huateng.cnaps2.batch.dal.model.Cp2ScheduleTask">
    <!--
      WARNING - @mbg.generated
      This element is automatically generated by MyBatis Generator, do not modify.
    -->
    update CP2_SCHEDULE_TASK
    set SCHEDULE_NAME = #{scheduleName,jdbcType=VARCHAR},
      SCHEDULE_BEAN = #{scheduleBean,jdbcType=VARCHAR},
      SCHEDULE_TYPE = #{scheduleType,jdbcType=VARCHAR},
      SCHEDULE_EXPR = #{scheduleExpr,jdbcType=VARCHAR},
      STATUS = #{status,jdbcType=NUMERIC}
    where SCHEDULE_ID = #{scheduleId,jdbcType=VARCHAR}
  </update>
</mapper>