<?xml version="1.0" encoding="UTF-8"?>
<metadata modelVersion="1.1.0">
  <groupId>com.huateng.comm</groupId>
  <artifactId>comm-socket-long-nio-boot-starter</artifactId>
  <version>1.2.0-SNAPSHOT</version>
  <versioning>
    <snapshot>
      <localCopy>true</localCopy>
    </snapshot>
    <lastUpdated>20220408061539</lastUpdated>
    <snapshotVersions>
      <snapshotVersion>
        <extension>jar</extension>
        <value>1.2.0-SNAPSHOT</value>
        <updated>20220408061539</updated>
      </snapshotVersion>
      <snapshotVersion>
        <extension>pom</extension>
        <value>1.2.0-SNAPSHOT</value>
        <updated>20220408061539</updated>
      </snapshotVersion>
    </snapshotVersions>
  </versioning>
</metadata>
