<?xml version="1.0" encoding="UTF-8"?>
<metadata modelVersion="1.1.0">
  <groupId>com.huateng.framework</groupId>
  <artifactId>transaction-map-full</artifactId>
  <version>1.2.0-SNAPSHOT</version>
  <versioning>
    <snapshot>
      <timestamp>20220408.061540</timestamp>
      <buildNumber>5</buildNumber>
    </snapshot>
    <lastUpdated>20220408061540</lastUpdated>
    <snapshotVersions>
      <snapshotVersion>
        <extension>pom</extension>
        <value>1.2.0-20220408.061540-5</value>
        <updated>20220408061540</updated>
      </snapshotVersion>
    </snapshotVersions>
  </versioning>
</metadata>
